designer,year,season,show_date,vibrancy_score_mean,vibrancy_score_std,vibrancy_score_min,vibrancy_score_max,darkness_score_mean,darkness_score_std,brightness_score_mean,brightness_score_std,color_diversity_mean,color_diversity_std,weighted_vibrancy_mean,n_looks
alexander_mcqueen,2015,Fall,2015-02-28,0.04916482049639023,0.04440998634634108,0.0111991295655517,0.2238392741253363,-103.16666666666667,13.343762587816077,104.16666666666667,13.343762587816077,47.077777777777776,22.74571370749865,0.04916482049639023,36
alexander_mcqueen,2015,Spring,2014-09-30,0.07536724336793538,0.017618049496750596,0.0450234094579008,0.1052684967320261,-124.22222222222223,9.588691596664676,125.22222222222223,9.588691596664676,76.6888888888889,14.791765948299789,0.07536724336793538,18
alexander_mcqueen,2016,Fall,2016-02-29,0.108699650610571,0.05126869782335587,0.0382944836601307,0.290475354094579,-143.33333333333334,20.63885356367363,144.33333333333334,20.63885356367363,64.87142857142857,11.174607227544756,0.108699650610571,42
alexander_mcqueen,2016,Spring,2015-09-30,0.07388683400838672,0.02254209567454078,0.0466605136485966,0.1413833141099577,-119.26511627906976,9.18536319423281,120.26511627906976,9.18536319423281,77.0139534883721,13.06120357240059,0.07388683400838672,43
alexander_mcqueen,2017,Fall,2017-02-28,0.10201124988716709,0.07877769934903436,0.0257481091887735,0.4428700099961553,-140.97391304347826,17.493801248602423,141.97391304347826,17.493801248602423,59.76521739130435,29.26499021311835,0.10201124988716709,46
alexander_mcqueen,2017,Spring,2016-09-30,0.07984885163825874,0.05281104305698934,0.0213404429065743,0.2772576793540945,-123.74222222222221,16.94287848369135,124.74222222222221,16.94287848369135,49.47555555555556,19.714106112070613,0.07984885163825874,45
alexander_mcqueen,2018,Fall,2018-02-28,0.07014645153961759,0.047156644450037755,0.0139071649365628,0.2146862991157247,-107.77727272727272,15.162390184596115,108.77727272727272,15.162390184596115,70.42727272727274,27.30062069007635,0.07014645153961759,44
alexander_mcqueen,2018,Spring,2017-09-30,0.18055646221175156,0.09342952196851328,0.0306899530949634,0.3934170811226451,-128.2595744680851,12.287208965538602,129.2595744680851,12.287208965538602,101.0340425531915,33.11585247998926,0.18055646221175156,47
alexander_mcqueen,2019,Fall,2019-02-28,0.1019463592025045,0.09890623569095862,0.0281724782775855,0.4333450749711649,-120.21904761904761,16.386598303152997,121.21904761904761,16.386598303152997,64.11904761904762,30.325005685119915,0.1019463592025045,42
alexander_mcqueen,2020,Fall,2020-02-29,0.12113567675893883,0.104161959874065,0.0165601307189542,0.4184047504805843,-139.30833333333334,21.1456935239762,140.30833333333334,21.1456935239762,64.67083333333333,32.952073245938166,0.12113567675893883,48
alexander_mcqueen,2020,Spring,2019-09-30,0.06489541657502028,0.03713465414717243,0.0206476970396001,0.2157908665897731,-139.69302325581396,18.147299357635468,140.69302325581396,18.147299357635468,41.86511627906977,15.26513119312442,0.06489541657502028,43
alexander_mcqueen,2021,Fall,2021-02-28,0.1137403931180315,0.06687226257385734,0.0444706343713956,0.2538108850442138,-114.575,15.894967757123638,115.575,15.894967757123638,101.7625,43.36691327114102,0.1137403931180315,16
alexander_mcqueen,2022,Fall,2022-02-28,0.14802147661781112,0.14812024642011654,0.0197500991926182,0.5394479876970396,-115.01463414634148,24.43449980023747,116.01463414634148,24.43449980023747,86.33170731707317,45.45535413471327,0.14802147661781112,41
alexander_mcqueen,2022,Spring,2021-09-30,0.07266797065231316,0.07191478143733256,0.0276797293348712,0.403162740484429,-127.58333333333333,15.44822689779362,128.58333333333334,15.448226897793624,45.03333333333333,23.97839503743795,0.07266797065231316,36
alexander_mcqueen,2023,Fall,2023-02-28,0.07291451218062979,0.07453679491621332,0.0168392525951557,0.4408872495194155,-110.06909090909092,18.593715313466785,111.06909090909092,18.593715313466785,73.42545454545454,34.69859757109317,0.07291451218062979,55
alexander_mcqueen,2023,Spring,2022-09-30,0.10117559471497825,0.11357423193584772,0.0257652472126105,0.4393348358323722,-118.66829268292682,15.14295940403312,119.66829268292682,15.142959404033117,66.4,33.93042882133971,0.10117559471497825,41
alexander_mcqueen,2024,Fall,2024-02-29,0.09132829068645583,0.08341767860890828,0.0140643137254901,0.3881369273356401,-112.91698113207548,16.039587274675892,113.91698113207548,16.039587274675892,73.66037735849056,32.02202571081494,0.09132829068645583,53
alexander_mcqueen,2024,Spring,2023-09-30,0.08159511582501709,0.07333018870602112,0.0213431172625913,0.2899645090349865,-111.00434782608696,15.30591688816582,112.00434782608696,15.30591688816582,73.08695652173913,29.96402738615201,0.08159511582501709,46
balenciaga,2015,Fall,2015-02-28,0.040669598387314605,0.025066159723726736,0.0138440922722029,0.1440940069204152,-109.6108108108108,8.752262684706285,110.6108108108108,8.752262684706285,50.28108108108108,21.845795906736807,0.040669598387314605,37
balenciaga,2015,Spring,2014-09-30,0.0617778454892914,0.030011542477085786,0.0225037201076509,0.1469246459054209,-118.86470588235295,17.81567036395022,119.86470588235295,17.81567036395022,65.56470588235294,17.08165562823998,0.0617778454892914,34
balenciaga,2016,Fall,2016-02-29,0.11826819146482119,0.08740466243010174,0.0108976055363321,0.2957043398692811,-128.61818181818182,13.729331573479666,129.61818181818182,13.729331573479662,66.00909090909092,32.03698312148675,0.11826819146482119,44
balenciaga,2016,Spring,2015-09-30,0.08030948737664997,0.012718762574985384,0.0591161061130334,0.1024632879661668,-116.93333333333334,6.443778838095368,117.93333333333334,6.443778838095368,72.57777777777778,7.561976729896231,0.08030948737664997,36
balenciaga,2017,Fall,2017-02-28,0.10119001418439713,0.07518332847628753,0.0197715294117647,0.3353180346020761,-115.02127659574468,16.157175498025815,116.02127659574468,16.157175498025815,66.57446808510639,28.581831170876388,0.10119001418439713,47
balenciaga,2017,Spring,2016-09-30,0.12478156618691803,0.07584177820752533,0.0438294809688581,0.3514482091503268,-117.65217391304348,12.191176028048313,118.65217391304348,12.191176028048313,80.50434782608696,25.405012248432296,0.12478156618691803,46
balenciaga,2018,Fall,2018-02-28,0.1111454963475586,0.06899305254526131,0.0203701484044598,0.449885325643983,-127.19999999999999,15.09455131668559,128.2,15.09455131668559,75.17567567567568,22.036431919187578,0.1111454963475586,74
balenciaga,2018,Spring,2017-09-30,0.1591035965654235,0.11077988018732958,0.0292497208765859,0.5711250257593233,-136.16507936507935,16.082189695337682,137.16507936507935,16.082189695337682,83.07301587301588,29.266920699134403,0.1591035965654235,63
balenciaga,2019,Fall,2019-02-28,0.20570470297908422,0.20653181879323146,0.0123195263360246,0.7527798846597461,-132.73271028037382,28.223407171998268,133.73271028037382,28.22340717199826,84.86168224299067,47.474906271052795,0.20570470297908422,107
balenciaga,2020,Fall,2020-02-29,0.10340406356031843,0.14673824697841487,0.0111952264513648,0.6737215563244906,-109.1864077669903,24.87988812369907,110.1864077669903,24.87988812369907,62.61747572815534,42.208735335989644,0.10340406356031843,103
balenciaga,2020,Spring,2019-09-30,0.20662378126361652,0.14577192569651298,0.0715496608996539,0.7024280891964628,-148.65555555555557,19.53872623078581,149.65555555555557,19.53872623078581,126.65333333333332,25.15099211749672,0.20662378126361652,90
balenciaga,2021,Fall,2021-02-28,0.10248647080353707,0.10788968593850562,0.0126688043060361,0.4826000461361015,-111.304,21.089594687466914,112.304,21.089594687466914,71.12,33.32692727559283,0.10248647080353707,50
balenciaga,2022,Fall,2022-02-28,0.12360392582563003,0.08620376602105922,0.0136086428296808,0.4871702960399846,-136.31304347826088,17.006036238412506,137.31304347826088,17.006036238412506,58.005797101449275,42.39406133514031,0.12360392582563003,69
balenciaga,2022,Spring,2021-09-30,0.0962587076124567,0.08878806675763207,0.029563815455594,0.6355641891580162,-113.94375,17.99260760899955,114.94375,17.99260760899955,101.99375,26.673831626723477,0.0962587076124567,64
balenciaga,2023,Fall,2023-02-28,0.06797951975735823,0.07628728430414647,0.0103271680123029,0.3898554217608612,-116.22592592592592,18.823792503659426,117.22592592592592,18.823792503659426,54.72592592592592,25.46089258084401,0.06797951975735823,54
balenciaga,2023,Spring,2022-09-30,0.109643671436142,0.0831691911489015,0.0217380699730872,0.4142674817377931,-112.81351351351353,20.27502224936248,113.81351351351353,20.27502224936248,123.43513513513514,27.95147180398352,0.109643671436142,74
balenciaga,2024,Fall,2024-02-29,0.07097675357927773,0.0792936425609421,0.0115976116878123,0.4347702268358323,-104.37910447761193,19.97987273076092,105.37910447761193,19.97987273076092,57.904477611940294,28.392388186271795,0.07097675357927773,67
balenciaga,2024,Spring,2023-09-30,0.10765952688400125,0.11967778964379518,0.027946000768935,0.6742825036524415,-125.04367816091953,27.779119233402405,126.04367816091953,27.779119233402405,85.77931034482759,30.024796488402846,0.10765952688400125,87
balmain,2015,Fall,2015-02-28,0.14604322396281147,0.10535887028999455,0.0176135763168012,0.4845271710880431,-129.75272727272727,17.06978980262276,130.75272727272727,17.06978980262276,89.10545454545455,34.84082013206273,0.14604322396281147,55
balmain,2015,Spring,2014-09-30,0.13475778924772522,0.1276207521746461,0.0324228742791234,0.6521116985774702,-136.34166666666667,16.647532988702224,137.34166666666667,16.647532988702224,75.50416666666666,30.544198587880587,0.13475778924772522,48
balmain,2016,Fall,2016-02-29,0.047878398282711725,0.018749533650227686,0.0211117831603229,0.1236169627066512,-119.43,14.439485647442982,120.43,14.439485647442982,37.89333333333333,13.88321589603141,0.047878398282711725,60
balmain,2016,Spring,2015-09-30,0.17449800069204147,0.12485941501215164,0.0272090211457131,0.555312367550942,-136.7133333333333,19.28116202513604,137.7133333333333,19.28116202513604,84.38666666666667,33.56238545625331,0.17449800069204147,60
balmain,2017,Fall,2017-02-28,0.09248813518067597,0.07618584089644719,0.0130241384083044,0.3273424990388312,-110.24691358024691,14.940959527585187,111.24691358024691,14.940959527585187,70.71358024691358,33.373266820489796,0.09248813518067597,81
balmain,2017,Spring,2016-09-30,0.21148525330713255,0.1233717982275815,0.0392264575163398,0.5400882599000384,-134.0222222222222,16.023857213542556,135.0222222222222,16.023857213542556,112.70864197530864,31.146397052993397,0.21148525330713255,81
balmain,2018,Fall,2018-02-28,0.10899803837988731,0.09594108528990153,0.012424987312572,0.4943010734332949,-132.04782608695652,15.319494714222508,133.04782608695652,15.319494714222508,64.92391304347827,34.66530510361074,0.10899803837988731,92
balmain,2018,Spring,2017-09-30,0.06315619298393672,0.03852772021239844,0.0241063775470972,0.2606729381007305,-118.31219512195122,10.391976846407625,119.31219512195122,10.391976846407625,48.59756097560975,20.486273487023578,0.06315619298393672,82
balmain,2019,Fall,2019-02-28,0.04625793464052283,0.02813849255298903,0.0186741622452902,0.1446538223760092,-118.5952380952381,20.637174930189797,119.5952380952381,20.637174930189804,37.11190476190476,11.201219864311733,0.04625793464052283,84
balmain,2020,Fall,2020-02-29,0.13464640651672427,0.0804820405825108,0.0314766120722798,0.4461382545174933,-118.25250000000001,13.911646837147606,119.25250000000001,13.911646837147606,90.9825,30.937228300814358,0.13464640651672427,80
balmain,2020,Spring,2019-09-30,0.19784765783137925,0.14919181512006222,0.0196376255286428,0.5755705882352942,-136.78252427184466,16.538086922488283,137.78252427184466,16.538086922488283,93.29126213592232,43.47728527249494,0.19784765783137925,103
balmain,2021,Fall,2021-02-28,0.11512487272864784,0.09483743585530585,0.0272789788542868,0.4547445751633986,-126.51147540983607,23.712346280370877,127.51147540983607,23.712346280370873,67.8655737704918,30.659065463284545,0.11512487272864784,61
balmain,2022,Fall,2022-02-28,0.050790490602104825,0.023352680340121598,0.0178785974625144,0.1275828296808919,-126.91401869158878,17.34972376811334,127.91401869158878,17.349723768113336,42.325233644859814,12.923388870483052,0.050790490602104825,107
balmain,2022,Spring,2021-09-30,0.1910084452449795,0.10220915638238967,0.0560663344867358,0.5755497593233371,-152.7917808219178,16.936661036414613,153.7917808219178,16.936661036414613,95.7013698630137,28.541628920416333,0.1910084452449795,73
balmain,2023,Fall,2023-02-28,0.09782786208497453,0.07518772737492252,0.0231006812764321,0.3270547128027681,-117.0377358490566,15.499481708643513,118.0377358490566,15.499481708643513,67.69056603773585,23.476946664194642,0.09782786208497453,53
balmain,2023,Spring,2022-09-30,0.13836656141672352,0.05060005531044645,0.0209662037677816,0.2698435340253748,-131.25510204081633,21.227210326298234,132.25510204081633,21.227210326298234,81.94081632653061,21.90971557186773,0.13836656141672352,98
balmain,2024,Fall,2024-02-29,0.12210826375820362,0.07868620984929907,0.0240701883890811,0.4893343713956171,-120.30175438596491,15.856775154354029,121.30175438596491,15.856775154354029,79.91228070175438,25.779865275716332,0.12210826375820362,57
celine,2015,Fall,2015-02-28,0.14219495109168534,0.1082341343482667,0.0373332995001922,0.5650708266051518,-145.1315789473684,17.97567583608108,146.1315789473684,17.97567583608108,84.22631578947369,30.433060652099037,0.14219495109168534,38
celine,2015,Spring,2014-09-30,0.12463232472126103,0.07548628073295542,0.0397620161476355,0.3884143529411764,-148.45999999999998,17.949456102037583,149.45999999999998,17.949456102037583,78.67999999999999,23.740770946374198,0.12463232472126103,40
celine,2016,Fall,2016-02-29,0.13098618707090676,0.06605139968830714,0.0254913079584775,0.3419259254133026,-135.95714285714286,14.474032978476348,136.95714285714286,14.474032978476348,70.48095238095237,18.95782531131307,0.13098618707090676,42
celine,2016,Spring,2015-09-30,0.089183357057792,0.06766191018309414,0.0357271603229527,0.4384880030757401,-135.2,12.446846990302404,136.2,12.446846990302404,58.79024390243902,17.445397743789748,0.089183357057792,41
celine,2017,Fall,2017-02-28,0.08608067266435981,0.04117229880736682,0.0369355555555555,0.217736645905421,-107.30999999999999,16.231779528648936,108.30999999999999,16.231779528648936,88.97999999999999,23.800659331526607,0.08608067266435981,40
celine,2017,Spring,2016-09-30,0.08702521901832624,0.06337997145642886,0.0287000138408304,0.3243071818531333,-115.4952380952381,12.944929365716579,116.4952380952381,12.944929365716579,61.58571428571428,19.28767547132386,0.08702521901832624,42
celine,2018,Fall,2018-02-28,0.11349553652441365,0.07272502020180716,0.01815969396386,0.3389524013840831,-133.58333333333334,15.098622645695249,134.58333333333334,15.098622645695249,73.65,26.87492770465504,0.11349553652441365,24
celine,2018,Spring,2017-09-30,0.09368924710531723,0.027654216224909257,0.0639050826605151,0.2060747635524798,-132.47441860465116,10.189913150320479,133.47441860465116,10.189913150320479,58.269767441860466,12.178269774747717,0.09368924710531723,43
celine,2019,Fall,2019-02-28,0.11275870508203277,0.06635402375959329,0.0249891272587466,0.2548564767397155,-135.84897959183675,13.15114257471221,136.84897959183675,13.15114257471221,63.861224489795916,23.412468333547995,0.11275870508203277,49
celine,2020,Fall,2020-02-29,0.06739671350626186,0.041451929601021564,0.0239984759707804,0.2509835816993463,-114.48723404255318,11.209771409931365,115.48723404255318,11.209771409931365,62.4595744680851,19.260898711426066,0.06739671350626186,94
celine,2020,Spring,2019-09-30,0.1224110639323858,0.05958920729046102,0.0281472449058054,0.2552655470972702,-135.03389830508473,13.663550936574893,136.03389830508473,13.663550936574893,67.71525423728814,20.819924256705125,0.1224110639323858,59
chanel,2015,Fall,2015-02-28,0.08972315266498752,0.0455150067148583,0.0277344513648596,0.2520765167243368,-129.21428571428572,16.561768170954863,130.21428571428572,16.56176817095486,59.26938775510204,20.599511595467675,0.08972315266498752,98
chanel,2015,Spring,2014-09-30,0.101563508624004,0.07217480065217917,0.0263430126874279,0.4545242214532872,-137.11724137931034,19.094300958626583,138.11724137931034,19.094300958626583,54.01379310344828,23.315136625940397,0.101563508624004,58
chanel,2016,Fall,2016-02-29,0.09938477489018131,0.11347235884227652,0.010375507881584,0.5056103806228375,-133.69787234042553,21.757663233970757,134.69787234042553,21.757663233970757,46.589361702127654,31.269585580622795,0.09938477489018131,94
chanel,2016,Spring,2015-09-30,0.08536200376778158,0.04852188127811105,0.0187298131487889,0.2640268665897731,-143.972,14.906768037818704,144.972,14.906768037818704,49.074,23.050557608452905,0.08536200376778158,100
chanel,2017,Fall,2017-02-28,0.041446273796359005,0.02139941815510973,0.0133522921953094,0.1173662760476739,-122.86391752577319,14.271345019296326,123.86391752577319,14.271345019296323,33.177319587628865,12.525636254254042,0.041446273796359005,97
chanel,2017,Spring,2016-09-30,0.10739129294051192,0.06259700517485699,0.0342303790849673,0.3932098423683198,-136.5283950617284,20.63168215735149,137.5283950617284,20.63168215735149,61.08641975308642,23.926051455925705,0.10739129294051192,81
chanel,2018,Spring,2017-09-30,0.09420586080548099,0.058202245766067355,0.0247747266435986,0.2716301345636294,-163.41348314606742,21.247690735547316,164.41348314606742,21.247690735547316,46.02696629213483,21.811718931287537,0.09420586080548099,89
chanel,2019,Fall,2019-02-28,0.09284356303423864,0.09851172501432945,0.0235750957324106,0.4329455178777394,-141.32876712328766,17.16551354907125,142.32876712328766,17.16551354907125,49.66849315068493,28.620432079549236,0.09284356303423864,73
chanel,2020,Fall,2020-02-29,0.06873775370778135,0.05090707483994743,0.0230071803152633,0.2632629142637447,-137.3878787878788,16.246595052990358,138.3878787878788,16.246595052990358,45.03939393939394,17.090248040580864,0.06873775370778135,66
chanel,2020,Spring,2019-09-30,0.0894491798575639,0.06930646491670467,0.0265851964628988,0.4591185774702037,-138.6261904761905,19.507966361918392,139.6261904761905,19.507966361918392,53.13333333333333,20.034412162145685,0.0894491798575639,84
chanel,2021,Fall,2021-02-28,0.0971040181981289,0.04156447399681654,0.0413512095347943,0.164335569396386,-108.93333333333334,12.65648713769609,109.93333333333334,12.65648713769609,79.43333333333334,18.20216104386143,0.0971040181981289,6
chanel,2022,Fall,2022-02-28,0.09597402323892516,0.07471068402608999,0.0106827896962706,0.3031266312956555,-119.05000000000001,15.894963326630535,120.05000000000001,15.894963326630535,54.85277777777778,26.675747133548484,0.09597402323892516,72
chanel,2023,Fall,2023-02-28,0.05041121906958858,0.0413119567770806,0.0105617054978854,0.1973482322183775,-114.86461538461538,14.486075542236568,115.86461538461538,14.486075542236568,41.323076923076925,23.62151276664166,0.05041121906958858,65
chanel,2023,Spring,2022-09-30,0.11463105191394421,0.05517303115202022,0.0363881707035755,0.3279094486735871,-143.79436619718308,18.132085904148273,144.79436619718308,18.132085904148273,68.23661971830987,20.169462344534764,0.11463105191394421,71
chanel,2024,Fall,2024-02-29,0.09134946540055718,0.07295764244518771,0.0217830803537101,0.3345093886966552,-119.56438356164385,17.728518847255792,120.56438356164385,17.728518847255792,60.32876712328767,29.557859828234704,0.09134946540055718,73
chanel,2024,Spring,2023-09-30,0.09735115229185352,0.05413194637896991,0.0179371041906958,0.3524367089580931,-127.26944444444445,15.387214730151769,128.26944444444445,15.38721473015177,63.96666666666667,19.9537493388099,0.09735115229185352,72
comme_des_garcons,2015,Fall,2015-02-28,0.02915140040155492,0.01326220446552355,0.0121398615916955,0.060517971549404,-106.22222222222223,17.62149608242747,107.22222222222223,17.62149608242747,34.44444444444444,7.001027002159562,0.02915140040155492,18
comme_des_garcons,2015,Spring,2014-09-30,0.24617591604627587,0.10298336849689385,0.0092477524029219,0.4969968381391772,-143.85454545454547,18.77670104583076,144.85454545454547,18.77670104583076,115.87272727272726,21.12453283379037,0.24617591604627587,22
comme_des_garcons,2016,Fall,2016-02-29,0.1709804687789764,0.07477406734952328,0.0680769304113802,0.3792221084198386,-130.76470588235293,10.75389122460276,131.76470588235293,10.75389122460276,102.5529411764706,31.735116937846996,0.1709804687789764,17
comme_des_garcons,2016,Spring,2015-09-30,0.0632139610726643,0.036640306702352785,0.0307869926951172,0.1651972425990003,-114.4625,8.419887172640736,115.4625,8.419887172640736,68.725,26.765736804105856,0.0632139610726643,16
comme_des_garcons,2017,Fall,2017-02-28,0.12851909470716386,0.17768241216608235,0.0201245643983083,0.7170146435986159,-133.3,23.937590423727237,134.3,23.937590423727237,61.78888888888889,38.906673991048784,0.12851909470716386,18
comme_des_garcons,2017,Spring,2016-09-30,0.06463761792975549,0.10107671232184293,0.0128939438677431,0.4184355955401768,-118.24705882352941,12.890990926178773,119.24705882352941,12.890990926178773,49.69411764705882,28.383192002227197,0.06463761792975549,17
comme_des_garcons,2018,Fall,2018-02-28,0.18774335870818912,0.1302033018687225,0.0262622960399846,0.4909277216455209,-148.66666666666666,16.216158901657625,149.66666666666666,16.216158901657625,84.93333333333334,43.10198316064996,0.18774335870818912,15
comme_des_garcons,2018,Spring,2017-09-30,0.10294445797770085,0.04751412396462365,0.0387999215686274,0.2000492518262207,-134.85333333333332,14.071951162643,135.85333333333332,14.071951162643,71.26666666666667,21.43184102040255,0.10294445797770085,15
comme_des_garcons,2019,Fall,2019-02-28,0.03676364805391587,0.019991575187530745,0.0204851041906958,0.1023867435601691,-98.56470588235294,7.986878722570869,99.56470588235294,7.986878722570869,43.2764705882353,14.113738392367901,0.03676364805391587,34
comme_des_garcons,2020,Fall,2020-02-29,0.1108184874279123,0.08972876999411385,0.021630000768935,0.2667300761245674,-126.97,19.17830737276391,127.97,19.17830737276391,71.9,34.89843911454464,0.1108184874279123,20
comme_des_garcons,2020,Spring,2019-09-30,0.1254390678749931,0.09894838444030303,0.0338519492502883,0.4373490703575547,-128.36,17.454060710737707,129.36,17.454060710737707,78.28571428571429,31.67460611071443,0.1254390678749931,35
comme_des_garcons,2021,Fall,2021-02-28,0.03819336362937327,0.02790823339736653,0.0191948712033833,0.1364301099577085,-125.34,18.39245840870082,126.34,18.39245840870082,36.44,15.688762320778997,0.03819336362937327,20
comme_des_garcons,2022,Fall,2022-02-28,0.037671290849673154,0.021089858334880338,0.0185187896962706,0.0992889965397923,-114.05,16.331809452721398,115.05,16.331809452721398,39.6125,19.421976384154796,0.037671290849673154,16
comme_des_garcons,2022,Spring,2021-09-30,0.08848029534428146,0.08424570715809948,0.0359767550941945,0.3780528981161091,-124.81904761904761,15.994737229714621,125.81904761904761,15.994737229714621,61.04761904761905,23.2155038508239,0.08848029534428146,21
comme_des_garcons,2023,Fall,2023-02-28,0.08091789293348707,0.09565519224274348,0.0183846197616301,0.3538417623990773,-114.24799999999999,17.345535448639225,115.24799999999999,17.345535448639225,70.848,41.08200254774995,0.08091789293348707,25
comme_des_garcons,2023,Spring,2022-09-30,0.0764972971933871,0.057204425154483284,0.0134610319108035,0.2031236908881199,-132.6888888888889,14.070448334714476,133.6888888888889,14.070448334714476,47.08888888888888,28.61848207609672,0.0764972971933871,18
comme_des_garcons,2024,Fall,2024-02-29,0.02991771716760517,0.011401100267959534,0.0169142053056516,0.0609489196462898,-105.62352941176471,7.905973169996584,106.62352941176471,7.905973169996584,30.623529411764707,9.794100865557075,0.02991771716760517,17
comme_des_garcons,2024,Spring,2023-09-30,0.31627271073878466,0.12950264630863975,0.1696920876585928,0.6057077616301423,-164.17894736842106,17.394366231863323,165.17894736842106,17.394366231863323,124.56842105263159,23.497826202806724,0.31627271073878466,19
givenchy,2015,Fall,2015-02-28,0.07711049951202197,0.02995405031156376,0.0379897577854671,0.1819448565936178,-113.11153846153846,7.328313447095711,114.11153846153846,7.328313447095711,73.6423076923077,19.0496291575643,0.07711049951202197,52
givenchy,2015,Spring,2014-09-30,0.09310642290077362,0.01913192503848222,0.0590007504805843,0.1550235724721261,-123.98245614035088,10.023848754827117,124.98245614035088,10.023848754827117,109.59649122807018,16.075335643155334,0.09310642290077362,57
givenchy,2016,Fall,2016-02-29,0.07835101700529377,0.049067022606469265,0.0197698423683198,0.2732438185313341,-109.66923076923078,14.597065760228887,110.66923076923078,14.597065760228887,97.2423076923077,18.495503917394924,0.07835101700529377,52
givenchy,2016,Spring,2015-09-30,0.0873484493863639,0.031252787943300914,0.0399702206843521,0.1767374625144175,-118.37303370786518,12.986013140411561,119.37303370786518,12.986013140411567,83.85168539325844,14.262459563798556,0.0873484493863639,89
givenchy,2017,Fall,2017-02-28,0.5281408193045365,0.07300595398899572,0.2520811093039924,0.6269252118415993,-165.23703703703703,12.694642969140965,166.23703703703703,12.694642969140965,158.9851851851852,15.606993099832955,0.5281408193045365,27
givenchy,2017,Spring,2016-09-30,0.15843457509349548,0.10623881738125387,0.0394407812379853,0.5062936316801231,-129.28,15.587297772604852,130.28,15.587297772604852,115.4109090909091,24.704967806970203,0.15843457509349548,55
givenchy,2018,Fall,2018-02-28,0.07388251641920379,0.08446663785272353,0.0160287243367935,0.499080558246828,-115.9015873015873,17.44790857291694,116.9015873015873,17.44790857291694,61.800000000000004,32.39545965797696,0.07388251641920379,63
givenchy,2018,Spring,2017-09-30,0.07659592496098781,0.06325683835541866,0.0153458685121107,0.415918186851211,-122.04411764705883,11.881898716967797,123.04411764705883,11.881898716967797,53.561764705882354,22.131068385509746,0.07659592496098781,68
givenchy,2019,Fall,2019-02-28,0.10250279457013571,0.10880378577329713,0.0140957616301422,0.5630536978085352,-118.68923076923078,15.932122848557832,119.68923076923078,15.932122848557832,59.393846153846155,27.849707566480145,0.10250279457013571,65
givenchy,2020,Fall,2020-02-29,0.10315978513280842,0.11344158620568102,0.030270740484429,0.5611725044213763,-132.16086956521738,17.56924684733551,133.16086956521738,17.56924684733551,60.939130434782605,34.041800959414395,0.10315978513280842,46
givenchy,2020,Spring,2019-09-30,0.15166444326701264,0.10179455565945297,0.0315342145328719,0.5864870096116878,-133.45,17.163638197960136,134.45,17.163638197960136,80.665625,31.840496420464103,0.15166444326701264,64
givenchy,2021,Fall,2021-02-28,0.0600334380549605,0.05715253161881796,0.0106954186851211,0.2734641214917339,-114.14285714285714,27.647164669920745,115.14285714285714,27.647164669920745,48.77460317460318,18.266927353023416,0.0600334380549605,63
givenchy,2022,Fall,2022-02-28,0.047424862355215446,0.07044362686412603,0.0060158800461361,0.570950738946559,-100.74084507042254,22.318970646161652,101.74084507042254,22.318970646161652,45.45070422535211,21.79994019152632,0.047424862355215446,71
givenchy,2022,Spring,2021-09-30,0.1064458422873793,0.05564345402505365,0.0448514094579008,0.4042455286428296,-129.03157894736842,15.244603071481311,130.03157894736842,15.244603071481313,68.03947368421052,16.12590527854581,0.1064458422873793,76
givenchy,2023,Fall,2023-02-28,0.08267142612281986,0.054270194681228526,0.0346462698961937,0.2694678923490964,-130.79636363636365,13.912823336715418,131.79636363636365,13.912823336715418,52.847272727272724,15.76291774252393,0.08267142612281986,55
givenchy,2023,Spring,2022-09-30,0.0945571639310324,0.07736693494987762,0.0182550311418685,0.4371033448673587,-132.4923076923077,18.790671926061634,133.4923076923077,18.790671926061634,48.75384615384615,22.374692124410153,0.0945571639310324,52
givenchy,2024,Fall,2024-02-29,0.08498059529551566,0.06157085877823734,0.0207257470203767,0.3842569780853518,-126.2590909090909,19.02226746787697,127.2590909090909,19.022267467876965,64.62727272727273,26.546653655328825,0.08498059529551566,44
givenchy,2024,Spring,2023-09-30,0.10359327910165173,0.03729959287893809,0.056161510188389,0.2113546312956555,-124.13584905660377,10.948464843909232,125.13584905660377,10.948464843909232,68.56603773584905,11.94833337905376,0.10359327910165173,53
hermes,2015,Fall,2015-02-28,0.12814415159004774,0.14194802471562165,0.0254995509419454,0.6257896839677047,-120.74761904761904,12.768028632815984,121.74761904761904,12.768028632815984,81.78095238095239,34.27463855172415,0.12814415159004774,42
hermes,2015,Spring,2014-09-30,0.1530555332564398,0.10876857414121423,0.0552609181084198,0.5233794971164936,-142.54117647058823,17.50660685062813,143.54117647058823,17.50660685062813,89.07058823529412,26.506711893425585,0.1530555332564398,34
hermes,2016,Fall,2016-02-29,0.10907662639155877,0.09776814232690817,0.0242920445982314,0.3952678277585543,-113.08000000000001,18.877133834832595,114.08000000000001,18.877133834832595,73.49777777777778,31.011130618250963,0.10907662639155877,45
hermes,2016,Spring,2015-09-30,0.19347229923402237,0.1979118694999608,0.0331225051903114,0.7614136824298346,-150.57692307692307,19.213910559132902,151.57692307692307,19.213910559132902,76.16153846153847,35.365698202515844,0.19347229923402237,52
hermes,2017,Fall,2017-02-28,0.08759633525567087,0.053158032351013025,0.023598062283737,0.2575795770857362,-128.02666666666667,14.465670961405035,129.02666666666667,14.465670961405035,59.54222222222222,18.681134004036473,0.08759633525567087,45
hermes,2017,Spring,2016-09-30,0.126566014944085,0.10009515418255731,0.0291921814686659,0.4808905528642829,-133.01304347826087,14.955780877055933,134.01304347826087,14.955780877055933,61.356521739130436,23.389947053988937,0.126566014944085,46
hermes,2018,Fall,2018-02-28,0.11822211029945742,0.0863492101041175,0.0103845828527489,0.3787632079969242,-96.54814814814816,19.039747310245883,97.54814814814816,19.039747310245883,96.24444444444444,37.36586408397561,0.11822211029945742,54
hermes,2018,Spring,2017-09-30,0.1455468288365711,0.08193439387782903,0.0408747589388696,0.4228045121107267,-163.22745098039218,17.78471341834186,164.22745098039218,17.78471341834186,67.6313725490196,25.03684876493908,0.1455468288365711,51
hermes,2019,Fall,2019-02-28,0.15648477170319103,0.1550930798396535,0.0252386666666666,0.7368943560169166,-131.07428571428574,27.38720550202383,132.07428571428574,27.38720550202383,81.2342857142857,40.19776071358397,0.15648477170319103,35
hermes,2020,Fall,2020-02-29,0.14099298659856097,0.11950985990430882,0.0118828988850442,0.541251657054979,-140.34642857142856,21.169566185152043,141.34642857142856,21.169566185152043,70.48928571428571,31.980674156129346,0.14099298659856097,56
hermes,2020,Spring,2019-09-30,0.16562302530365808,0.10211448910046508,0.0502512387543252,0.3789681414840445,-137.34814814814814,18.51837171150753,138.34814814814814,18.51837171150753,83.15185185185184,27.38337011344825,0.16562302530365808,54
hermes,2021,Fall,2021-02-28,0.1497131334770907,0.09039341134084106,0.0396479523260284,0.3631947558631295,-119.73913043478261,16.800945453037517,120.73913043478261,16.800945453037517,114.17391304347827,32.32723265320576,0.1497131334770907,46
hermes,2022,Fall,2022-02-28,0.09603011111111107,0.04350908729440432,0.030340895040369,0.203896708958093,-94.92,14.413985675407325,95.92,14.413985675407325,86.74333333333334,28.25923797757905,0.09603011111111107,60
hermes,2022,Spring,2021-09-30,0.1729433362499834,0.12174570126065273,0.0376290426758938,0.3978751064975009,-138.10689655172413,24.295121610300413,139.10689655172413,24.295121610300413,92.44827586206897,36.20050034247278,0.1729433362499834,58
hermes,2023,Fall,2023-02-28,0.22379886671379493,0.13308239352001516,0.0330321030372933,0.530612339869281,-116.69999999999999,27.592984378012577,117.69999999999999,27.592984378012577,144.03225806451613,36.28264623436907,0.22379886671379493,62
hermes,2023,Spring,2022-09-30,0.23542660988949657,0.15650488992145067,0.0365265221068819,0.6175166212995001,-142.92903225806452,22.882453633603724,143.92903225806452,22.882453633603724,106.77741935483871,37.02136033562176,0.23542660988949657,62
hermes,2024,Fall,2024-02-29,0.12308148297991894,0.10392460523618068,0.0464309096501345,0.5035576178392925,-93.51794871794871,18.544553346991297,94.51794871794871,18.544553346991297,114.14871794871796,26.447155570812804,0.12308148297991894,39
hermes,2024,Spring,2023-09-30,0.21371631668472493,0.11021265462638878,0.0380186666666666,0.459256833525567,-128.38484848484848,19.205041344751468,129.38484848484848,19.205041344751468,123.64848484848486,32.85674379870307,0.21371631668472493,66
isabel_marant,2015,Fall,2015-02-28,0.09527460191424346,0.03560897137538927,0.0520010103806228,0.2595361460976547,-130.9421052631579,10.359787944687405,131.9421052631579,10.359787944687405,72.09473684210526,15.585768757642784,0.09527460191424346,38
isabel_marant,2015,Spring,2014-09-30,0.17673640070058522,0.07664559912473717,0.0789689473279508,0.322285108804306,-148.91111111111113,11.842341227630365,149.91111111111113,11.842341227630365,94.84444444444445,26.827514897126708,0.17673640070058522,18
isabel_marant,2016,Fall,2016-02-29,0.12102355506623322,0.0907433884703961,0.0359376301422529,0.5193363337178009,-132.4,13.741872862439163,133.4,13.741872862439163,73.87272727272727,27.48192102249551,0.12102355506623322,44
isabel_marant,2016,Spring,2015-09-30,0.08188327830977347,0.04877010030285479,0.0267183375624759,0.2855227051134179,-128.1860465116279,11.81713004790984,129.1860465116279,11.81713004790984,55.800000000000004,18.77054430040145,0.08188327830977347,43
isabel_marant,2017,Fall,2017-02-28,0.10275931970938196,0.07962127256415998,0.0482491441753171,0.5175154571318724,-121.59487179487179,14.992453342264334,122.59487179487179,14.992453342264334,77.11282051282052,29.280091848856323,0.10275931970938196,39
isabel_marant,2017,Spring,2016-09-30,0.11217568406147725,0.05810101182085801,0.0387829480968858,0.3102717385620915,-134.62439024390244,14.38625699214019,135.62439024390244,14.38625699214019,63.69268292682927,21.41775420350955,0.11217568406147725,41
isabel_marant,2018,Fall,2018-02-28,0.11110387543252591,0.07354641875031502,0.0238497762399077,0.4220737193387159,-137.4857142857143,16.472451750321408,138.4857142857143,16.472451750321408,66.45714285714286,23.32112776003767,0.11110387543252591,49
isabel_marant,2018,Spring,2017-09-30,0.18722228946313607,0.07613412956414957,0.0611120799692425,0.389182340638216,-134.72765957446808,20.460754609396474,135.72765957446808,20.460754609396474,114.51489361702127,23.618185501885613,0.18722228946313607,47
isabel_marant,2019,Fall,2019-02-28,0.07445288233117882,0.044572250227207164,0.0180882875816993,0.1631188835063437,-122.27547169811321,15.978361638121944,123.27547169811321,15.978361638121944,47.20377358490566,20.23095459803492,0.07445288233117882,53
isabel_marant,2020,Fall,2020-02-29,0.08819041534794306,0.06267031701103781,0.0212554648212226,0.3571525413302575,-131.628,19.892322793541446,132.628,19.892322793541446,64.116,27.347024312994463,0.08819041534794306,50
isabel_marant,2020,Spring,2019-09-30,0.11263985901872059,0.03079912942139275,0.063462523644752,0.2095395940023068,-122.61153846153846,9.593659136426654,123.61153846153846,9.593659136426654,77.41538461538461,11.591534852698636,0.11263985901872059,52
lanvin,2015,Fall,2015-02-28,0.08387048371816351,0.04888643836181635,0.0375986712802768,0.3232546866589773,-129.3622641509434,13.57594346367436,130.3622641509434,13.57594346367436,55.95471698113207,17.893128956688034,0.08387048371816351,53
lanvin,2015,Spring,2014-09-30,0.09624574880540447,0.06441165879494652,0.0249001307189542,0.3675330949634756,-131.9,12.768540886242107,132.9,12.768540886242107,59.29642857142857,20.17187929484296,0.09624574880540447,56
lanvin,2016,Fall,2016-02-29,0.11611291158918806,0.04312522262330126,0.0498915617070357,0.2140570841983852,-119.64347826086957,10.252190057065052,120.64347826086957,10.252190057065052,78.63478260869564,16.667482878564666,0.11611291158918806,46
lanvin,2016,Spring,2015-09-30,0.13378277306944372,0.07906188032044174,0.0442869065743944,0.3894394109957709,-141.1913043478261,13.713730122103637,142.1913043478261,13.713730122103637,74.5072463768116,28.183215274138014,0.13378277306944372,69
lanvin,2017,Fall,2017-02-28,0.055457808255566,0.011533524484267806,0.0389688212226066,0.0862609119569396,-122.36818181818181,9.563880032105118,123.36818181818181,9.563880032105118,41.97272727272727,5.135664791837822,0.055457808255566,44
lanvin,2017,Spring,2016-09-30,0.07883449608612068,0.04285740016190693,0.0242681799307958,0.2443362706651287,-122.384,10.754009408929631,123.384,10.754009408929631,61.6,18.22624257402899,0.07883449608612068,50
lanvin,2018,Fall,2018-02-28,0.1764744796445811,0.14169724439590572,0.0180580822760476,0.5455421991541716,-125.82777777777778,26.693868863854014,126.82777777777778,26.693868863854014,102.5611111111111,37.89944046158977,0.1764744796445811,36
lanvin,2018,Spring,2017-09-30,0.13512755836766077,0.11955767303804361,0.0339055040369088,0.5804067281814688,-148.93714285714287,21.646669159810365,149.93714285714287,21.646669159810365,62.69142857142857,25.396032244851018,0.13512755836766077,35
lanvin,2019,Fall,2019-02-28,0.1416337316904975,0.07405967172734387,0.0365252825836216,0.3467225067281814,-134.20000000000002,12.96416898298362,135.20000000000002,12.96416898298362,78.75873015873016,26.411584914887893,0.1416337316904975,63
lanvin,2020,Fall,2020-02-29,0.08947779668788354,0.03816754741328825,0.0458007012687427,0.2178069973087274,-121.16666666666667,13.308572921524952,122.16666666666667,13.308572921524952,60.577777777777776,14.329000368913633,0.08947779668788354,54
lanvin,2020,Spring,2019-09-30,0.10323114801999228,0.042494030340154275,0.0462580915032679,0.2996358431372549,-125.334375,12.172728023729212,126.334375,12.172728023729213,66.990625,17.970361125148653,0.10323114801999228,64
loewe,2015,Fall,2015-02-28,0.13818972386688877,0.11912629409682014,0.01755138638985,0.5653419561707037,-142.86666666666667,18.090249939045695,143.86666666666667,18.090249939045695,59.111111111111114,26.55179066092506,0.13818972386688877,36
loewe,2015,Spring,2014-09-30,0.09334417768633681,0.06751737984457383,0.025581756247597,0.249776708958093,-135.65945945945944,13.220427364487863,136.65945945945944,13.220427364487863,49.08108108108108,18.04041508881036,0.09334417768633681,37
loewe,2016,Fall,2016-02-29,0.10277204658127435,0.08805605864821589,0.0248891534025374,0.4089830711264898,-125.78947368421052,14.251330700763772,126.78947368421052,14.251330700763772,68.34210526315789,29.317383751669833,0.10277204658127435,38
loewe,2016,Spring,2015-09-30,0.07811065846469302,0.040988269169422976,0.0357376655132641,0.2023433971549404,-126.34358974358973,11.621572383690847,127.34358974358973,11.621572383690848,54.158974358974355,12.087677891767084,0.07811065846469302,39
loewe,2017,Fall,2017-02-28,0.0799260883716053,0.05459545842067387,0.0252252748942714,0.32133815301807,-114.5018181818182,17.158687367877306,115.5018181818182,17.158687367877306,64.32363636363637,24.359696249066843,0.0799260883716053,55
loewe,2017,Spring,2016-09-30,0.08615557259766647,0.04643570988214726,0.0215210303729334,0.2571732779700115,-124.51836734693877,13.876894367217455,125.51836734693877,13.876894367217458,57.81224489795919,19.319869226751393,0.08615557259766647,49
loewe,2018,Fall,2018-02-28,0.07547288313081726,0.03841205581039354,0.0206278385236447,0.226552647443291,-107.8,9.164216122661946,108.8,9.164216122661946,61.693023255813955,21.539525079311836,0.07547288313081726,43
loewe,2018,Spring,2017-09-30,0.10690542158089765,0.058398764334871525,0.0245921830065359,0.2972732179930795,-133.04255319148936,15.143196846465571,134.04255319148936,15.143196846465571,58.69787234042553,20.903291704186334,0.10690542158089765,47
loewe,2019,Fall,2019-02-28,0.09724019906476039,0.05985212816329034,0.047916216839677,0.340836862745098,-132.95348837209303,14.932663922664387,133.95348837209303,14.932663922664387,56.753488372093024,14.52202512503006,0.09724019906476039,43
loewe,2020,Fall,2020-02-29,0.11724440157631677,0.11044281172824669,0.0181195540176855,0.5474154279123414,-118.17083333333333,18.5922880183926,119.17083333333333,18.5922880183926,71.17916666666666,35.64360799330143,0.11724440157631677,48
loewe,2020,Spring,2019-09-30,0.08598015303515738,0.05040181937816717,0.0332040584390619,0.2666609088811995,-125.20444444444443,15.522563570428055,126.20444444444443,15.522563570428051,66.44444444444444,20.19522395783396,0.08598015303515738,45
louis_vuitton,2015,Fall,2015-02-28,0.08629776795424048,0.04659889828389727,0.0349193402537485,0.2889374717416378,-143.98367346938775,8.838630807869686,144.98367346938775,8.838630807869686,45.861224489795916,16.304355454991803,0.08629776795424048,49
louis_vuitton,2015,Spring,2014-09-30,0.12555335684077548,0.06741236134837397,0.0254768289119569,0.414660553633218,-136.934693877551,14.216327922211013,137.934693877551,14.216327922211013,79.63673469387754,26.177237996313632,0.12555335684077548,49
louis_vuitton,2016,Fall,2016-02-29,0.07545797855923031,0.05932604862967523,0.0111071987697039,0.2175971764705882,-119.35348837209303,13.635865677676039,120.35348837209303,13.635865677676039,53.70232558139534,27.838047690612324,0.07545797855923031,43
louis_vuitton,2016,Spring,2015-09-30,0.09322047630911184,0.06317293128310036,0.0470596555171088,0.4641408058439061,-128.82,10.172652414334088,129.82,10.172652414334088,57.5,21.984790661003874,0.09322047630911184,50
louis_vuitton,2017,Fall,2017-02-28,0.08261933350049308,0.0598163839995993,0.0309674094579008,0.34706308035371,-122.35217391304347,14.338460154895525,123.35217391304347,14.338460154895525,51.45652173913044,21.52297637589408,0.08261933350049308,46
louis_vuitton,2017,Spring,2016-09-30,0.07336430051986689,0.04610770994644358,0.0206240984236832,0.2187698592848904,-118.66956521739131,10.650505873540412,119.66956521739131,10.650505873540412,49.039130434782614,21.22985820082304,0.07336430051986689,46
louis_vuitton,2018,Fall,2018-02-28,0.11121431462530773,0.059232604324514784,0.0365257716262975,0.3275377500961169,-132.22553191489362,11.779246083594327,133.22553191489362,11.77924608359433,66.0468085106383,23.757807422108908,0.11121431462530773,47
louis_vuitton,2018,Spring,2017-09-30,0.09286039855942373,0.021005593150724935,0.0517527781622452,0.1455069219530949,-124.07755102040817,7.898292676957745,125.07755102040817,7.898292676957745,57.77142857142857,10.185692579954164,0.09286039855942373,49
louis_vuitton,2019,Fall,2019-02-28,0.08971871223618443,0.08615212097266615,0.0169066251441753,0.5027183775470974,-125.68771929824561,13.670197905551415,126.68771929824561,13.670197905551415,56.89473684210526,27.54363046055055,0.08971871223618443,57
louis_vuitton,2020,Fall,2020-02-29,0.09384481755789503,0.045785994789024446,0.0340271618608227,0.1988153464052287,-134.11489361702127,14.730668669308884,135.11489361702127,14.730668669308884,60.01702127659575,20.70210364388475,0.09384481755789503,47
louis_vuitton,2020,Spring,2019-09-30,0.1404191071565881,0.0863292031237235,0.0302267158785082,0.4439943529411764,-148.0734693877551,12.049460145413912,149.0734693877551,12.049460145413912,71.81632653061224,25.915691409346763,0.1404191071565881,49
miu_miu,2015,Fall,2015-02-28,0.13731457784529397,0.07857234816797919,0.0292307727797001,0.3328833971549404,-131.5170731707317,14.009994690202852,132.5170731707317,14.009994690202852,86.24878048780488,28.377730018019584,0.13731457784529397,41
miu_miu,2015,Spring,2014-09-30,0.09003281772395227,0.04721945620101257,0.0327814025374855,0.2402491964628988,-122.48499999999999,13.988485191353563,123.48499999999999,13.988485191353563,80.035,24.3710163082592,0.09003281772395227,40
miu_miu,2016,Fall,2016-02-29,0.08370684293733176,0.04754301172029311,0.0175471526336024,0.191375784698193,-108.12,12.914348925256174,109.12,12.914348925256174,67.936,26.199998130549858,0.08370684293733176,50
miu_miu,2016,Spring,2015-09-30,0.07288176318772854,0.062189848379250935,0.0143412179930795,0.3445951833910035,-119.49230769230769,13.905761483253979,120.49230769230769,13.905761483253979,52.733333333333334,27.85894294036272,0.07288176318772854,39
miu_miu,2017,Fall,2017-02-28,0.24929826180566,0.12889549400172648,0.0544343144944252,0.5142822683583238,-143.33913043478262,16.874326037713406,144.33913043478262,16.874326037713406,124.82173913043479,34.14703444448225,0.24929826180566,46
miu_miu,2017,Spring,2016-09-30,0.160718458712461,0.07418740493660012,0.0328384544405997,0.4574687212610535,-139.04814814814816,13.17979787317082,140.04814814814816,13.17979787317082,80.74814814814815,20.674555875686508,0.160718458712461,54
miu_miu,2018,Fall,2018-02-28,0.11031524810708594,0.06203360462077037,0.0265770057670126,0.2948279554017685,-123.2734693877551,9.25767194255221,124.2734693877551,9.25767194255221,67.40816326530613,21.06418600309039,0.11031524810708594,49
miu_miu,2018,Spring,2017-09-30,0.09445637142213202,0.035925209434810895,0.0377633817762399,0.277877906958862,-119.52413793103447,7.887527581508817,120.52413793103447,7.887527581508817,63.251724137931035,15.928461136223392,0.09445637142213202,58
miu_miu,2019,Fall,2019-02-28,0.06559447523388437,0.028924062223025886,0.0304090057670126,0.1531299915417147,-122.9375,11.821736651051253,123.9375,11.821736651051253,45.73333333333333,14.001296799108912,0.06559447523388437,48
miu_miu,2020,Fall,2020-02-29,0.1181049198528694,0.07116316338270164,0.0357689519415609,0.3510024959630911,-117.48358208955223,14.044265485771259,118.48358208955223,14.044265485771259,87.60597014925372,22.4712872727858,0.1181049198528694,67
miu_miu,2020,Spring,2019-09-30,0.08273308568033269,0.03387912878039816,0.0444292226066897,0.2037821130334486,-121.16727272727272,10.957004432231745,122.16727272727272,10.957004432231745,57.167272727272724,12.651497562438626,0.08273308568033269,55
paco_rabanne,2015,Fall,2015-02-28,0.07306541196975518,0.01997063598309909,0.041578279123414,0.1234165121107266,-118.53333333333333,7.828036849653955,119.53333333333333,7.828036849653955,50.019999999999996,8.49102568841829,0.07306541196975518,30
paco_rabanne,2015,Spring,2014-09-30,0.10449124875048055,0.0473529152290909,0.0534074309880815,0.2927909911572472,-143.21875,17.756224487894833,144.21875,17.756224487894833,57.95,15.826233835608358,0.10449124875048055,32
paco_rabanne,2016,Fall,2016-02-29,0.08429547316300254,0.028004212994110777,0.0562549019607843,0.1947772610534409,-121.18787878787879,11.169706732266896,122.18787878787879,11.169706732266896,66.78787878787878,13.151515064236838,0.08429547316300254,33
paco_rabanne,2016,Spring,2015-09-30,0.09944682860904311,0.03159393202616744,0.0495584405997693,0.1781308035371011,-131.830303030303,12.290964283989398,132.830303030303,12.290964283989398,54.63636363636363,12.795649118494786,0.09944682860904311,33
paco_rabanne,2017,Fall,2017-02-28,0.07669996228556777,0.026272868126625243,0.0330959246443675,0.1700184421376393,-130.08095238095237,12.202763343488613,131.08095238095237,12.202763343488613,49.438095238095244,16.53591733581932,0.07669996228556777,42
paco_rabanne,2017,Spring,2016-09-30,0.07389908560056081,0.03931849173381237,0.0371714755863129,0.2671809396386005,-130.54117647058823,8.576858139416322,131.54117647058823,8.576858139416322,44.588235294117645,13.044812383655701,0.07389908560056081,34
paco_rabanne,2018,Fall,2018-02-28,0.07512333540354298,0.027079971861616346,0.0349959138792772,0.1451829404075355,-122.66666666666667,8.700070578459435,123.66666666666667,8.700070578459435,45.00512820512821,11.674036615677696,0.07512333540354298,39
paco_rabanne,2018,Spring,2017-09-30,0.08328254367753289,0.056272488784363854,0.0321147481737793,0.2832897577854671,-127.41578947368421,12.021276775194561,128.4157894736842,12.021276775194563,51.52105263157895,20.30776922150515,0.08328254367753289,38
paco_rabanne,2019,Fall,2019-02-28,0.05960707341357855,0.024316666916994124,0.0249590911188004,0.1535687381776239,-127.1948717948718,8.1327780169266,128.1948717948718,8.132778016926602,39.46666666666667,12.701374424868424,0.05960707341357855,39
paco_rabanne,2020,Fall,2020-02-29,0.06892664754814577,0.05102229610293754,0.0185494548250672,0.2455554878892733,-127.2409090909091,17.693177218480763,128.2409090909091,17.693177218480763,46.25909090909091,22.0291806283015,0.06892664754814577,44
paco_rabanne,2020,Spring,2019-09-30,0.09161236346086199,0.028966040030147598,0.0545352033833141,0.1706082583621684,-133.11489361702127,7.5278895571128555,134.11489361702127,7.5278895571128555,55.9063829787234,16.379300354746793,0.09161236346086199,47
rick_owens,2015,Fall,2015-02-28,0.0595319569011918,0.04137318796520021,0.014712462898885,0.1511860515186467,-111.39500000000001,11.670210816982717,112.39500000000001,11.670210816982717,51.44,21.60195622670579,0.0595319569011918,40
rick_owens,2015,Spring,2014-09-30,0.08900773063351698,0.04412604359556944,0.0432165490196078,0.2247124782775855,-143.62222222222223,11.665584365382585,144.62222222222223,11.665584365382585,47.19111111111111,16.876554773119455,0.08900773063351698,45
rick_owens,2016,Fall,2016-02-29,0.11010958078735365,0.08749928888298728,0.0254389573241061,0.4093156662821992,-134.27906976744185,18.280519922526107,135.27906976744185,18.280519922526107,63.17674418604651,33.61596019190106,0.11010958078735365,43
rick_owens,2016,Spring,2015-09-30,0.08187865926343174,0.04834184238295066,0.0155495532487504,0.224698648212226,-120.14883720930231,18.191944476988173,121.14883720930231,18.191944476988173,47.45116279069768,15.672243770634807,0.08187865926343174,43
rick_owens,2017,Fall,2017-02-28,0.09151303321799305,0.06416035899885514,0.0180515663206459,0.2157063529411764,-117.97,16.49836355521359,118.97,16.49836355521359,60.6,23.004659505725336,0.09151303321799305,40
rick_owens,2017,Spring,2016-09-30,0.1629096712635608,0.20040567278053514,0.0219676032295271,0.6866371426374471,-149.43478260869566,24.667362309031425,150.43478260869566,24.667362309031425,60.68260869565218,37.57324286923002,0.1629096712635608,46
rick_owens,2018,Fall,2018-02-28,0.06150468431372543,0.038642789443742005,0.0247102222222222,0.1818536747404844,-114.725,10.379930092151332,115.725,10.379930092151332,45.97,18.117482702825452,0.06150468431372543,40
rick_owens,2018,Spring,2017-09-30,0.072658334340272,0.033122556622800774,0.0226389634755863,0.1557756247597078,-132.81428571428572,24.212812284937996,133.81428571428572,24.212812284938,56.900000000000006,19.864921896428875,0.072658334340272,42
rick_owens,2019,Fall,2019-02-28,0.08344842889486946,0.032432575252392265,0.0284280092272203,0.1893967873894656,-117.04888888888888,13.927941540498928,118.04888888888888,13.927941540498928,51.959999999999994,17.412252739222044,0.08344842889486946,45
rick_owens,2020,Fall,2020-02-29,0.09281625481838086,0.0911352647326264,0.0102582714340638,0.322178983467897,-117.78260869565217,12.053644987634355,118.78260869565217,12.053644987634355,53.821739130434786,32.88336906937391,0.09281625481838086,46
rick_owens,2020,Spring,2019-09-30,0.11978913019468031,0.1024912958056461,0.0230950311418685,0.3813997600922721,-135.95909090909092,24.23461217063955,136.95909090909092,24.23461217063955,62.42727272727273,32.669980272318156,0.11978913019468031,44
sacai,2015,Fall,2015-02-28,0.05672865205690115,0.023741363544730797,0.026542340638216,0.1153087566320646,-116.29047619047618,12.302623347527414,117.29047619047618,12.302623347527414,55.709523809523816,18.080643328774173,0.05672865205690115,42
sacai,2015,Spring,2014-09-30,0.04516380631039339,0.011740178866762086,0.0264528135332564,0.0757209350249903,-116.81066666666666,9.349368721763812,117.81066666666666,9.349368721763812,41.696,8.823210177584903,0.04516380631039339,75
sacai,2016,Fall,2016-02-29,0.05575798077662433,0.018361881649780778,0.0281432756632064,0.0923599630911187,-97.58974358974359,9.701757704875053,98.58974358974359,9.701757704875053,60.743589743589745,14.274153949889826,0.05575798077662433,39
sacai,2016,Spring,2015-09-30,0.06324538827723597,0.016706764728489462,0.0307116662821991,0.1048472879661668,-112.13181818181819,11.758020967937266,113.13181818181819,11.758020967937266,66.4590909090909,15.912410224549077,0.06324538827723597,44
sacai,2017,Fall,2017-02-28,0.05951796547115573,0.025640078377262624,0.0272620545943867,0.159180955017301,-105.57619047619048,10.5981316697644,106.57619047619048,10.5981316697644,57.852380952380955,21.073995512852463,0.05951796547115573,42
sacai,2017,Spring,2016-09-30,0.05362858492708524,0.021242274541716136,0.0187785344098423,0.0998506312956555,-118.76279069767442,10.62819751899486,119.76279069767442,10.628197518994865,38.586046511627906,14.395197304182966,0.05362858492708524,43
sacai,2018,Fall,2018-02-28,0.08777657205348366,0.050055037586189205,0.0397131641676278,0.2879793679354094,-119.82222222222222,12.574521297392831,120.82222222222222,12.574521297392831,60.28888888888889,22.010516311137014,0.08777657205348366,45
sacai,2018,Spring,2017-09-30,0.08588263571703186,0.028585477445270218,0.0575866328335255,0.1499596539792387,-123.46,10.774252309116997,124.46,10.77425230911699,57.21,18.55928546369921,0.08588263571703186,40
sacai,2019,Fall,2019-02-28,0.06836330481283417,0.032101232387354815,0.023232833525567,0.1832935347943099,-117.7590909090909,11.320496294934971,118.7590909090909,11.320496294934971,53.222727272727276,15.552594394151942,0.06836330481283417,44
sacai,2020,Fall,2020-02-29,0.09685346760647612,0.07110977409341904,0.014546863514033,0.3979351141868512,-138.48888888888888,14.00931868796658,139.48888888888888,14.00931868796658,52.968888888888884,25.803028559226973,0.09685346760647612,45
sacai,2020,Spring,2019-09-30,0.08797668041808601,0.0612457850356357,0.0377464236831987,0.3671402660515186,-132.20000000000002,8.452105964675031,133.20000000000002,8.452105964675031,53.74418604651163,18.554749133123142,0.08797668041808601,43
saint_laurent,2015,Fall,2015-02-28,0.07560348937588103,0.058679560660498536,0.0305429911572472,0.4264448242983468,-129.54,10.747285033589664,130.54,10.747285033589664,53.806666666666665,22.145312597850072,0.07560348937588103,60
saint_laurent,2015,Spring,2014-09-30,0.13316803646948971,0.05272276659403951,0.0439963460207612,0.3336703206459054,-132.99285714285716,14.4522770416399,133.99285714285716,14.4522770416399,88.55357142857143,17.164656756208135,0.13316803646948971,56
saint_laurent,2016,Fall,2016-02-29,0.10765627579136225,0.0824945968990401,0.0353392218377547,0.455988525951557,-117.25714285714287,15.430744459178245,118.25714285714287,15.430744459178245,71.01904761904763,23.86166675934987,0.10765627579136225,42
saint_laurent,2016,Spring,2015-09-30,0.14252795652647945,0.0453147427939169,0.0602501899269511,0.2890099900038446,-132.66268656716417,12.882885473664043,133.66268656716417,12.882885473664043,101.10149253731343,24.28885199164245,0.14252795652647945,67
saint_laurent,2017,Fall,2017-02-28,0.05645524993622147,0.03775448671315227,0.0126874125336409,0.2060975840061515,-97.61495327102803,12.567814566164396,98.61495327102803,12.567814566164396,61.33644859813084,22.052075555946274,0.05645524993622147,107
saint_laurent,2017,Spring,2016-09-30,0.09036684195309493,0.03826572872431905,0.0167017777777777,0.2191412349096501,-117.088,10.105012698292516,118.088,10.105012698292516,68.868,16.105905115572877,0.09036684195309493,50
saint_laurent,2018,Fall,2018-02-28,0.07984254293803078,0.04442292047454454,0.0319581591695501,0.187460770472895,-107.40227272727272,12.637018938377153,108.40227272727272,12.637018938377153,65.80227272727274,23.83411047976296,0.07984254293803078,88
saint_laurent,2018,Spring,2017-09-30,0.05862820166377256,0.029333105999218772,0.0205498931180315,0.2037406412918108,-110.57582417582417,16.11544008196515,111.57582417582417,16.11544008196515,50.879120879120876,18.211080366289313,0.05862820166377256,91
saint_laurent,2019,Fall,2019-02-28,0.11806269218336483,0.10480253943635305,0.0262398585159554,0.4797648781237986,-125.23883495145631,16.073387047488595,126.23883495145631,16.073387047488595,99.59611650485436,69.5068510127727,0.11806269218336483,103
saint_laurent,2020,Fall,2020-02-29,0.10454620381368815,0.08217717875540463,0.0143936132256824,0.3262486628219915,-113.96417910447761,16.274386843102587,114.96417910447761,16.274386843102587,80.15820895522388,38.82119910273069,0.10454620381368815,67
saint_laurent,2020,Spring,2019-09-30,0.09076336162483921,0.03208177542716776,0.0341838692810457,0.1995595509419453,-122.33563218390806,13.409281556561425,123.33563218390806,13.40928155656142,64.39540229885057,14.823142717072253,0.09076336162483921,87
stella_mccartney,2015,Fall,2015-02-28,0.05803014630395435,0.020334835859214955,0.0269965028835063,0.1096409519415609,-118.39999999999999,12.687395319765203,119.39999999999999,12.687395319765203,43.49756097560976,11.33138314163099,0.05803014630395435,41
stella_mccartney,2015,Spring,2014-09-30,0.09483884590175935,0.04808610490030069,0.0298732687427912,0.2440213886966551,-127.35714285714286,11.893227071498133,128.35714285714286,11.893227071498133,54.91904761904762,19.876892308691918,0.09483884590175935,42
stella_mccartney,2016,Fall,2016-02-29,0.10329855513264126,0.09578678357715859,0.0278190557477893,0.4926455255670895,-113.09,14.853261750046167,114.09,14.853261750046167,67.135,26.01653862548364,0.10329855513264126,40
stella_mccartney,2016,Spring,2015-09-30,0.11365069599604545,0.07100333790265217,0.0399780530565167,0.3708489288735102,-124.15714285714287,13.27058259344095,125.15714285714287,13.27058259344095,68.61904761904762,25.24663936191999,0.11365069599604545,42
stella_mccartney,2017,Fall,2017-02-28,0.08850545324875043,0.05835739763737728,0.0195645090349865,0.2546056747404844,-112.335,18.847097987862814,113.335,18.847097987862814,61.95,23.413375532933173,0.08850545324875043,40
stella_mccartney,2017,Spring,2016-09-30,0.1214776040753556,0.07600081303815105,0.0321549465590157,0.3556549788542867,-127.31500000000001,13.604892596566232,128.315,13.60489259656623,66.065,25.844560504916846,0.1214776040753556,40
stella_mccartney,2018,Fall,2018-02-28,0.10360577008842747,0.042886211080470825,0.0483803014225297,0.2806694240676662,-119.20851063829788,10.472403274429208,120.20851063829788,10.472403274429208,75.71063829787234,17.31130861909226,0.10360577008842747,47
stella_mccartney,2018,Spring,2017-09-30,0.17012316564923433,0.13769239456778734,0.0309147220299884,0.5964540668973473,-137.97073170731707,14.188696978624199,138.97073170731707,14.188696978624199,66.8048780487805,22.95140465439438,0.17012316564923433,41
stella_mccartney,2019,Fall,2019-02-28,0.11022108208758316,0.08565285921184244,0.0274772564398308,0.3556073756247597,-114.66666666666667,13.25079117134772,115.66666666666667,13.25079117134772,61.61176470588235,27.051459458290406,0.11022108208758316,51
stella_mccartney,2020,Fall,2020-02-29,0.09686400107360736,0.05886555275933168,0.027442094579008,0.2904832679738562,-117.06415094339621,12.545779160578618,118.06415094339621,12.545779160578618,69.82264150943396,25.35279260531754,0.09686400107360736,53
stella_mccartney,2020,Spring,2019-09-30,0.12562993342797146,0.08672253070855823,0.0383785605536332,0.4110374348327566,-130.66153846153844,12.058129693462993,131.66153846153844,12.058129693462993,70.01923076923077,22.09204486813082,0.12562993342797146,52
valentino,2015,Fall,2015-02-28,0.05223442525768472,0.057125320229189466,0.0137965167243367,0.4914570334486736,-110.52619047619048,18.70789485460597,111.52619047619048,18.70789485460597,51.59761904761905,19.676798006914996,0.05223442525768472,84
valentino,2015,Spring,2014-09-30,0.09898213816497058,0.04137312915683382,0.0335099223375624,0.2446435986159169,-125.14430379746835,12.460355047370188,126.14430379746835,12.460355047370188,70.31392405063292,17.804945540115124,0.09898213816497058,79
valentino,2016,Fall,2016-02-29,0.09335529798107665,0.06813165484173796,0.0082165074971164,0.3970004859669357,-107.64390243902439,12.992306342183051,108.64390243902439,12.992306342183051,67.65365853658537,26.85380721161353,0.09335529798107665,82
valentino,2016,Spring,2015-09-30,0.08261816422255173,0.05045058158312702,0.0264816901191849,0.4119087889273356,-111.42417582417583,13.213892862853271,112.42417582417583,13.213892862853271,73.31428571428572,17.55117325251171,0.08261816422255173,91
valentino,2017,Fall,2017-02-28,0.1423039961801292,0.13201812371108151,0.0200990049980776,0.6183992495194155,-136.59354838709677,25.256038855646946,137.59354838709677,25.256038855646946,75.21935483870968,33.64604007445301,0.1423039961801292,62
valentino,2017,Spring,2016-09-30,0.20832799517345396,0.15105335231727285,0.0346019438677431,0.6611851103421762,-147.85846153846154,21.18545264671383,148.85846153846154,21.18545264671383,80.0923076923077,36.77223947700011,0.20832799517345396,65
valentino,2018,Fall,2018-02-28,0.11911099024344034,0.08802681540389529,0.0375315863129565,0.3581888381391773,-127.98260869565216,9.045749026342174,128.98260869565217,9.045749026342174,60.492753623188406,25.50528387494143,0.11911099024344034,69
valentino,2018,Spring,2017-09-30,0.11907825449777694,0.07181865624126785,0.0354552279892349,0.3716547174163783,-137.08461538461538,9.33472885718502,138.08461538461538,9.33472885718502,52.55897435897436,17.78484277975582,0.11907825449777694,78
valentino,2019,Fall,2019-02-28,0.11569414791624706,0.07742375558407773,0.0580372410611303,0.3729394463667819,-138.37460317460318,10.008350839850598,139.37460317460318,10.008350839850598,59.45079365079365,17.562826146813183,0.11569414791624706,63
valentino,2020,Fall,2020-02-29,0.06470880613439271,0.04023062924876487,0.0296267620146097,0.2362344775086505,-109.93555555555557,7.361962841450733,110.93555555555557,7.361962841450733,47.87777777777778,13.31973932479159,0.06470880613439271,90
valentino,2020,Spring,2019-09-30,0.11933909567401044,0.07822234265967239,0.0441467727797001,0.3521505467128027,-135.6987341772152,11.246874137480589,136.6987341772152,11.246874137480589,59.69367088607595,20.878373928309056,0.11933909567401044,79
